Alloc. A/C CD,Alloc. A/C name,Alloc. basis type,Alloc. basis type name,Coefficient CD,Coefficient name,Cost element CD,Cost element name,Indirectly alloc. A/C CD,Indirectly alloc. A/C name,Rounding type,Rounding type name,Rounding digit,Alloc. adjustment type,Alloc. adjustment type,Asset type,Asset type name,Non-minus,Coefficient limit,Std. alloc.,Notes,Entry time,Entry user CD,Entry user name,Update time,Update user CD,Update user name
8001001,P.P.vari.TG.,0,Time alloc.,COEFF01,Coefficient 01,P0011,Trading Goods cost,,,,,9,1,Adjust the difference(max. target amount),,,FALSE,FALSE,FALSE,,27/09/2024 11:52,T0001adm2,B-en-g,27/09/2024 11:52,T0001adm2,B-en-g
8109900,Research and development expenses,0,Time alloc.,COEFF01,Coefficient 01,P0036,Line expense,,,,,9,1,Adjust the difference(max. target amount),,,FALSE,FALSE,FALSE,,27/09/2024 11:52,T0001adm2,B-en-g,27/09/2024 11:52,T0001adm2,B-en-g
8109900OT,Research and development expenses,0,Time alloc.,COEFF01,Coefficient 01,P0065,Other Indirect exp.,,,,,9,1,Adjust the difference(max. target amount),,,FALSE,FALSE,FALSE,,27/09/2024 11:52,T0001adm2,B-en-g,27/09/2024 11:52,T0001adm2,B-en-g
8109900PL,Research and development expenses,0,Time alloc.,COEFF01,Coefficient 01,P0079,Planning expense,,,,,9,1,Adjust the difference(max. target amount),,,FALSE,FALSE,FALSE,,27/09/2024 11:52,T0001adm2,B-en-g,27/09/2024 11:52,T0001adm2,B-en-g
8109900TE,Research and development expenses,0,Time alloc.,COEFF01,Coefficient 01,P0076,Technical expense,,,,,9,1,Adjust the difference(max. target amount),,,FALSE,FALSE,FALSE,,27/09/2024 11:52,T0001adm2,B-en-g,27/09/2024 11:52,T0001adm2,B-en-g
8109900WS,Research and development expenses,0,Time alloc.,COEFF01,Coefficient 01,P0038,WS expense,,,,,9,1,Adjust the difference(max. target amount),,,FALSE,FALSE,FALSE,,27/09/2024 11:52,T0001adm2,B-en-g,27/09/2024 11:52,T0001adm2,B-en-g
8120001,[M]Salaries and wages,0,Time alloc.,COEFF01,Coefficient 01,P0020,Line labor cost,,,,,9,1,Adjust the difference(max. target amount),,,FALSE,FALSE,FALSE,,27/09/2024 11:52,T0001adm2,B-en-g,27/09/2024 11:52,T0001adm2,B-en-g
8120001OT,[M]Salaries and wages,0,Time alloc.,COEFF01,Coefficient 01,P0050,Other Indirect Labor,,,,,9,1,Adjust the difference(max. target amount),,,FALSE,FALSE,FALSE,,27/09/2024 11:52,T0001adm2,B-en-g,27/09/2024 11:52,T0001adm2,B-en-g
8120001PL,[M]Salaries and wages,0,Time alloc.,COEFF01,Coefficient 01,P0077,Planning labor cost,,,,,9,1,Adjust the difference(max. target amount),,,FALSE,FALSE,FALSE,,27/09/2024 11:52,T0001adm2,B-en-g,27/09/2024 11:52,T0001adm2,B-en-g
8120001TE,[M]Salaries and wages,0,Time alloc.,COEFF01,Coefficient 01,P0074,Technical labor cost,,,,,9,1,Adjust the difference(max. target amount),,,FALSE,FALSE,FALSE,,27/09/2024 11:52,T0001adm2,B-en-g,27/09/2024 11:52,T0001adm2,B-en-g
8120001WS,[M]Salaries and wages,0,Time alloc.,COEFF01,Coefficient 01,P0025,WS labor cost,,,,,9,1,Adjust the difference(max. target amount),,,FALSE,FALSE,FALSE,,27/09/2024 11:52,T0001adm2,B-en-g,27/09/2024 11:52,T0001adm2,B-en-g
8180001,[M]EMPLOYEE'S RETIREMENT,0,Time alloc.,COEFF01,Coefficient 01,P0020,Line labor cost,,,,,9,1,Adjust the difference(max. target amount),,,FALSE,FALSE,FALSE,,27/09/2024 11:52,T0001adm2,B-en-g,27/09/2024 11:52,T0001adm2,B-en-g
8180001OT,[M]EMPLOYEE'S RETIREMENT,0,Time alloc.,COEFF01,Coefficient 01,P0050,Other Indirect Labor,,,,,9,1,Adjust the difference(max. target amount),,,FALSE,FALSE,FALSE,,27/09/2024 11:52,T0001adm2,B-en-g,27/09/2024 11:52,T0001adm2,B-en-g
8180001PL,[M]EMPLOYEE'S RETIREMENT,0,Time alloc.,COEFF01,Coefficient 01,P0077,Planning labor cost,,,,,9,1,Adjust the difference(max. target amount),,,FALSE,FALSE,FALSE,,27/09/2024 11:52,T0001adm2,B-en-g,27/09/2024 11:52,T0001adm2,B-en-g
8180001TE,[M]EMPLOYEE'S RETIREMENT,0,Time alloc.,COEFF01,Coefficient 01,P0074,Technical labor cost,,,,,9,1,Adjust the difference(max. target amount),,,FALSE,FALSE,FALSE,,27/09/2024 11:52,T0001adm2,B-en-g,27/09/2024 11:52,T0001adm2,B-en-g
8180001WS,[M]EMPLOYEE'S RETIREMENT,0,Time alloc.,COEFF01,Coefficient 01,P0025,WS labor cost,,,,,9,1,Adjust the difference(max. target amount),,,FALSE,FALSE,FALSE,,27/09/2024 11:52,T0001adm2,B-en-g,27/09/2024 11:52,T0001adm2,B-en-g
8190001,[M]Pension for provident fund,0,Time alloc.,COEFF01,Coefficient 01,P0020,Line labor cost,,,,,9,1,Adjust the difference(max. target amount),,,FALSE,FALSE,FALSE,,27/09/2024 11:52,T0001adm2,B-en-g,27/09/2024 11:52,T0001adm2,B-en-g
8190001OT,[M]Pension for provident fund,0,Time alloc.,COEFF01,Coefficient 01,P0050,Other Indirect Labor,,,,,9,1,Adjust the difference(max. target amount),,,FALSE,FALSE,FALSE,,27/09/2024 11:52,T0001adm2,B-en-g,27/09/2024 11:52,T0001adm2,B-en-g
8190001PL,[M]Pension for provident fund,0,Time alloc.,COEFF01,Coefficient 01,P0077,Planning labor cost,,,,,9,1,Adjust the difference(max. target amount),,,FALSE,FALSE,FALSE,,27/09/2024 11:52,T0001adm2,B-en-g,27/09/2024 11:52,T0001adm2,B-en-g
8190001TE,[M]Pension for provident fund,0,Time alloc.,COEFF01,Coefficient 01,P0074,Technical labor cost,,,,,9,1,Adjust the difference(max. target amount),,,FALSE,FALSE,FALSE,,27/09/2024 11:52,T0001adm2,B-en-g,27/09/2024 11:52,T0001adm2,B-en-g
8190001WS,[M]Pension for provident fund,0,Time alloc.,COEFF01,Coefficient 01,P0025,WS labor cost,,,,,9,1,Adjust the difference(max. target amount),,,FALSE,FALSE,FALSE,,27/09/2024 11:52,T0001adm2,B-en-g,27/09/2024 11:52,T0001adm2,B-en-g
8220101,[M]Bonus,0,Time alloc.,COEFF01,Coefficient 01,P0020,Line labor cost,,,,,9,1,Adjust the difference(max. target amount),,,FALSE,FALSE,FALSE,,27/09/2024 11:52,T0001adm2,B-en-g,27/09/2024 11:52,T0001adm2,B-en-g
8220101OT,[M]Bonus,0,Time alloc.,COEFF01,Coefficient 01,P0050,Other Indirect Labor,,,,,9,1,Adjust the difference(max. target amount),,,FALSE,FALSE,FALSE,,27/09/2024 11:52,T0001adm2,B-en-g,27/09/2024 11:52,T0001adm2,B-en-g
8220101PL,[M]Bonus,0,Time alloc.,COEFF01,Coefficient 01,P0077,Planning labor cost,,,,,9,1,Adjust the difference(max. target amount),,,FALSE,FALSE,FALSE,,27/09/2024 11:52,T0001adm2,B-en-g,27/09/2024 11:52,T0001adm2,B-en-g
8220101TE,[M]Bonus,0,Time alloc.,COEFF01,Coefficient 01,P0074,Technical labor cost,,,,,9,1,Adjust the difference(max. target amount),,,FALSE,FALSE,FALSE,,27/09/2024 11:52,T0001adm2,B-en-g,27/09/2024 11:52,T0001adm2,B-en-g
8220101WS,[M]Bonus,0,Time alloc.,COEFF01,Coefficient 01,P0025,WS labor cost,,,,,9,1,Adjust the difference(max. target amount),,,FALSE,FALSE,FALSE,,27/09/2024 11:52,T0001adm2,B-en-g,27/09/2024 11:52,T0001adm2,B-en-g
8230001,[M]Legal welfare expenses,0,Time alloc.,COEFF01,Coefficient 01,P0020,Line labor cost,,,,,9,1,Adjust the difference(max. target amount),,,FALSE,FALSE,FALSE,,27/09/2024 11:52,T0001adm2,B-en-g,27/09/2024 11:52,T0001adm2,B-en-g
8230001OT,[M]Legal welfare expenses,0,Time alloc.,COEFF01,Coefficient 01,P0050,Other Indirect Labor,,,,,9,1,Adjust the difference(max. target amount),,,FALSE,FALSE,FALSE,,27/09/2024 11:52,T0001adm2,B-en-g,27/09/2024 11:52,T0001adm2,B-en-g
8230001PL,[M]Legal welfare expenses,0,Time alloc.,COEFF01,Coefficient 01,P0077,Planning labor cost,,,,,9,1,Adjust the difference(max. target amount),,,FALSE,FALSE,FALSE,,27/09/2024 11:52,T0001adm2,B-en-g,27/09/2024 11:52,T0001adm2,B-en-g
8230001TE,[M]Legal welfare expenses,0,Time alloc.,COEFF01,Coefficient 01,P0074,Technical labor cost,,,,,9,1,Adjust the difference(max. target amount),,,FALSE,FALSE,FALSE,,27/09/2024 11:52,T0001adm2,B-en-g,27/09/2024 11:52,T0001adm2,B-en-g
8230001WS,[M]Legal welfare expenses,0,Time alloc.,COEFF01,Coefficient 01,P0025,WS labor cost,,,,,9,1,Adjust the difference(max. target amount),,,FALSE,FALSE,FALSE,,27/09/2024 11:52,T0001adm2,B-en-g,27/09/2024 11:52,T0001adm2,B-en-g
8240001,[M]Welfare expenses,0,Time alloc.,COEFF01,Coefficient 01,P0020,Line labor cost,,,,,9,1,Adjust the difference(max. target amount),,,FALSE,FALSE,FALSE,,27/09/2024 11:52,T0001adm2,B-en-g,27/09/2024 11:52,T0001adm2,B-en-g
8240001OT,[M]Welfare expenses,0,Time alloc.,COEFF01,Coefficient 01,P0050,Other Indirect Labor,,,,,9,1,Adjust the difference(max. target amount),,,FALSE,FALSE,FALSE,,27/09/2024 11:52,T0001adm2,B-en-g,27/09/2024 11:52,T0001adm2,B-en-g
8240001PL,[M]Welfare expenses,0,Time alloc.,COEFF01,Coefficient 01,P0077,Planning labor cost,,,,,9,1,Adjust the difference(max. target amount),,,FALSE,FALSE,FALSE,,27/09/2024 11:52,T0001adm2,B-en-g,27/09/2024 11:52,T0001adm2,B-en-g
8240001TE,[M]Welfare expenses,0,Time alloc.,COEFF01,Coefficient 01,P0074,Technical labor cost,,,,,9,1,Adjust the difference(max. target amount),,,FALSE,FALSE,FALSE,,27/09/2024 11:52,T0001adm2,B-en-g,27/09/2024 11:52,T0001adm2,B-en-g
8240001WS,[M]Welfare expenses,0,Time alloc.,COEFF01,Coefficient 01,P0025,WS labor cost,,,,,9,1,Adjust the difference(max. target amount),,,FALSE,FALSE,FALSE,,27/09/2024 11:52,T0001adm2,B-en-g,27/09/2024 11:52,T0001adm2,B-en-g
8241001,[M]Safety expenses,0,Time alloc.,COEFF01,Coefficient 01,P0036,Line expense,,,,,9,1,Adjust the difference(max. target amount),,,FALSE,FALSE,FALSE,,27/09/2024 11:52,T0001adm2,B-en-g,27/09/2024 11:52,T0001adm2,B-en-g
8241001OT,[M]Safety expenses,0,Time alloc.,COEFF01,Coefficient 01,P0065,Other Indirect exp.,,,,,9,1,Adjust the difference(max. target amount),,,FALSE,FALSE,FALSE,,27/09/2024 11:52,T0001adm2,B-en-g,27/09/2024 11:52,T0001adm2,B-en-g
8241001PL,[M]Safety expenses,0,Time alloc.,COEFF01,Coefficient 01,P0079,Planning expense,,,,,9,1,Adjust the difference(max. target amount),,,FALSE,FALSE,FALSE,,27/09/2024 11:52,T0001adm2,B-en-g,27/09/2024 11:52,T0001adm2,B-en-g
8241001TE,[M]Safety expenses,0,Time alloc.,COEFF01,Coefficient 01,P0076,Technical expense,,,,,9,1,Adjust the difference(max. target amount),,,FALSE,FALSE,FALSE,,27/09/2024 11:52,T0001adm2,B-en-g,27/09/2024 11:52,T0001adm2,B-en-g
8241001WS,[M]Safety expenses,0,Time alloc.,COEFF01,Coefficient 01,P0038,WS expense,,,,,9,1,Adjust the difference(max. target amount),,,FALSE,FALSE,FALSE,,27/09/2024 11:52,T0001adm2,B-en-g,27/09/2024 11:52,T0001adm2,B-en-g
8260001,[M]Retirement allowance,0,Time alloc.,COEFF01,Coefficient 01,P0036,Line expense,,,,,9,1,Adjust the difference(max. target amount),,,FALSE,FALSE,FALSE,,27/09/2024 11:52,T0001adm2,B-en-g,27/09/2024 11:52,T0001adm2,B-en-g
8260001OT,[M]Retirement allowance,0,Time alloc.,COEFF01,Coefficient 01,P0050,Other Indirect Labor,,,,,9,1,Adjust the difference(max. target amount),,,FALSE,FALSE,FALSE,,27/09/2024 11:52,T0001adm2,B-en-g,27/09/2024 11:52,T0001adm2,B-en-g
8260001PL,[M]Retirement allowance,0,Time alloc.,COEFF01,Coefficient 01,P0077,Planning labor cost,,,,,9,1,Adjust the difference(max. target amount),,,FALSE,FALSE,FALSE,,27/09/2024 11:52,T0001adm2,B-en-g,27/09/2024 11:52,T0001adm2,B-en-g
8260001TE,[M]Retirement allowance,0,Time alloc.,COEFF01,Coefficient 01,P0074,Technical labor cost,,,,,9,1,Adjust the difference(max. target amount),,,FALSE,FALSE,FALSE,,27/09/2024 11:52,T0001adm2,B-en-g,27/09/2024 11:52,T0001adm2,B-en-g
8260001WS,[M]Retirement allowance,0,Time alloc.,COEFF01,Coefficient 01,P0025,WS labor cost,,,,,9,1,Adjust the difference(max. target amount),,,FALSE,FALSE,FALSE,,27/09/2024 11:52,T0001adm2,B-en-g,27/09/2024 11:52,T0001adm2,B-en-g
8300001,[M]Transfer to labor cost,0,Time alloc.,COEFF01,Coefficient 01,P0036,Line expense,,,,,9,1,Adjust the difference(max. target amount),,,FALSE,FALSE,FALSE,,27/09/2024 11:52,T0001adm2,B-en-g,27/09/2024 11:52,T0001adm2,B-en-g
8300001OT,[M]Transfer to labor cost,0,Time alloc.,COEFF01,Coefficient 01,P0050,Other Indirect Labor,,,,,9,1,Adjust the difference(max. target amount),,,FALSE,FALSE,FALSE,,27/09/2024 11:52,T0001adm2,B-en-g,27/09/2024 11:52,T0001adm2,B-en-g
8300001PL,[M]Transfer to labor cost,0,Time alloc.,COEFF01,Coefficient 01,P0077,Planning labor cost,,,,,9,1,Adjust the difference(max. target amount),,,FALSE,FALSE,FALSE,,27/09/2024 11:52,T0001adm2,B-en-g,27/09/2024 11:52,T0001adm2,B-en-g
8300001TE,[M]Transfer to labor cost,0,Time alloc.,COEFF01,Coefficient 01,P0074,Technical labor cost,,,,,9,1,Adjust the difference(max. target amount),,,FALSE,FALSE,FALSE,,27/09/2024 11:52,T0001adm2,B-en-g,27/09/2024 11:52,T0001adm2,B-en-g
8300001WS,[M]Transfer to labor cost,0,Time alloc.,COEFF01,Coefficient 01,P0025,WS labor cost,,,,,9,1,Adjust the difference(max. target amount),,,FALSE,FALSE,FALSE,,27/09/2024 11:52,T0001adm2,B-en-g,27/09/2024 11:52,T0001adm2,B-en-g
8310001,[M]Rental expenses,0,Time alloc.,COEFF01,Coefficient 01,P0036,Line expense,,,,,9,1,Adjust the difference(max. target amount),,,FALSE,FALSE,FALSE,,27/09/2024 11:52,T0001adm2,B-en-g,27/09/2024 11:52,T0001adm2,B-en-g
8310001OT,[M]Rental expenses,0,Time alloc.,COEFF01,Coefficient 01,P0065,Other Indirect exp.,,,,,9,1,Adjust the difference(max. target amount),,,FALSE,FALSE,FALSE,,27/09/2024 11:52,T0001adm2,B-en-g,27/09/2024 11:52,T0001adm2,B-en-g
8310001PL,[M]Rental expenses,0,Time alloc.,COEFF01,Coefficient 01,P0079,Planning expense,,,,,9,1,Adjust the difference(max. target amount),,,FALSE,FALSE,FALSE,,27/09/2024 11:52,T0001adm2,B-en-g,27/09/2024 11:52,T0001adm2,B-en-g
8310001TE,[M]Rental expenses,0,Time alloc.,COEFF01,Coefficient 01,P0076,Technical expense,,,,,9,1,Adjust the difference(max. target amount),,,FALSE,FALSE,FALSE,,27/09/2024 11:52,T0001adm2,B-en-g,27/09/2024 11:52,T0001adm2,B-en-g
8310001WS,[M]Rental expenses,0,Time alloc.,COEFF01,Coefficient 01,P0038,WS expense,,,,,9,1,Adjust the difference(max. target amount),,,FALSE,FALSE,FALSE,,27/09/2024 11:52,T0001adm2,B-en-g,27/09/2024 11:52,T0001adm2,B-en-g
8320001,[M]Insurance premiums paid,0,Time alloc.,COEFF01,Coefficient 01,P0036,Line expense,,,,,9,1,Adjust the difference(max. target amount),,,FALSE,FALSE,FALSE,,27/09/2024 11:52,T0001adm2,B-en-g,27/09/2024 11:52,T0001adm2,B-en-g
8320001OT,[M]Insurance premiums paid,0,Time alloc.,COEFF01,Coefficient 01,P0065,Other Indirect exp.,,,,,9,1,Adjust the difference(max. target amount),,,FALSE,FALSE,FALSE,,27/09/2024 11:52,T0001adm2,B-en-g,27/09/2024 11:52,T0001adm2,B-en-g
8320001PL,[M]Insurance premiums paid,0,Time alloc.,COEFF01,Coefficient 01,P0079,Planning expense,,,,,9,1,Adjust the difference(max. target amount),,,FALSE,FALSE,FALSE,,27/09/2024 11:52,T0001adm2,B-en-g,27/09/2024 11:52,T0001adm2,B-en-g
8320001TE,[M]Insurance premiums paid,0,Time alloc.,COEFF01,Coefficient 01,P0076,Technical expense,,,,,9,1,Adjust the difference(max. target amount),,,FALSE,FALSE,FALSE,,27/09/2024 11:52,T0001adm2,B-en-g,27/09/2024 11:52,T0001adm2,B-en-g
8320001WS,[M]Insurance premiums paid,0,Time alloc.,COEFF01,Coefficient 01,P0038,WS expense,,,,,9,1,Adjust the difference(max. target amount),,,FALSE,FALSE,FALSE,,27/09/2024 11:52,T0001adm2,B-en-g,27/09/2024 11:52,T0001adm2,B-en-g
8320101,[M]Fire Insurance,0,Time alloc.,COEFF01,Coefficient 01,P0036,Line expense,,,,,9,1,Adjust the difference(max. target amount),,,FALSE,FALSE,FALSE,,27/09/2024 11:52,T0001adm2,B-en-g,27/09/2024 11:52,T0001adm2,B-en-g
8320101OT,[M]Fire Insurance,0,Time alloc.,COEFF01,Coefficient 01,P0065,Other Indirect exp.,,,,,9,1,Adjust the difference(max. target amount),,,FALSE,FALSE,FALSE,,27/09/2024 11:52,T0001adm2,B-en-g,27/09/2024 11:52,T0001adm2,B-en-g
8320101PL,[M]Fire Insurance,0,Time alloc.,COEFF01,Coefficient 01,P0079,Planning expense,,,,,9,1,Adjust the difference(max. target amount),,,FALSE,FALSE,FALSE,,27/09/2024 11:52,T0001adm2,B-en-g,27/09/2024 11:52,T0001adm2,B-en-g
8320101TE,[M]Fire Insurance,0,Time alloc.,COEFF01,Coefficient 01,P0076,Technical expense,,,,,9,1,Adjust the difference(max. target amount),,,FALSE,FALSE,FALSE,,27/09/2024 11:52,T0001adm2,B-en-g,27/09/2024 11:52,T0001adm2,B-en-g
8320101WS,[M]Fire Insurance,0,Time alloc.,COEFF01,Coefficient 01,P0038,WS expense,,,,,9,1,Adjust the difference(max. target amount),,,FALSE,FALSE,FALSE,,27/09/2024 11:52,T0001adm2,B-en-g,27/09/2024 11:52,T0001adm2,B-en-g
8330001,[M]Other Tax and duty,0,Time alloc.,COEFF01,Coefficient 01,P0036,Line expense,,,,,9,1,Adjust the difference(max. target amount),,,FALSE,FALSE,FALSE,,27/09/2024 11:52,T0001adm2,B-en-g,27/09/2024 11:52,T0001adm2,B-en-g
8330001OT,[M]Other Tax and duty,0,Time alloc.,COEFF01,Coefficient 01,P0065,Other Indirect exp.,,,,,9,1,Adjust the difference(max. target amount),,,FALSE,FALSE,FALSE,,27/09/2024 11:52,T0001adm2,B-en-g,27/09/2024 11:52,T0001adm2,B-en-g
8330001PL,[M]Other Tax and duty,0,Time alloc.,COEFF01,Coefficient 01,P0079,Planning expense,,,,,9,1,Adjust the difference(max. target amount),,,FALSE,FALSE,FALSE,,27/09/2024 11:52,T0001adm2,B-en-g,27/09/2024 11:52,T0001adm2,B-en-g
8330001TE,[M]Other Tax and duty,0,Time alloc.,COEFF01,Coefficient 01,P0076,Technical expense,,,,,9,1,Adjust the difference(max. target amount),,,FALSE,FALSE,FALSE,,27/09/2024 11:52,T0001adm2,B-en-g,27/09/2024 11:52,T0001adm2,B-en-g
8330001WS,[M]Other Tax and duty,0,Time alloc.,COEFF01,Coefficient 01,P0038,WS expense,,,,,9,1,Adjust the difference(max. target amount),,,FALSE,FALSE,FALSE,,27/09/2024 11:52,T0001adm2,B-en-g,27/09/2024 11:52,T0001adm2,B-en-g
8331001,[M]Tax add back expense,0,Time alloc.,COEFF01,Coefficient 01,P0036,Line expense,,,,,9,1,Adjust the difference(max. target amount),,,FALSE,FALSE,FALSE,,27/09/2024 11:52,T0001adm2,B-en-g,27/09/2024 11:52,T0001adm2,B-en-g
8331001OT,[M]Tax add back expense,0,Time alloc.,COEFF01,Coefficient 01,P0065,Other Indirect exp.,,,,,9,1,Adjust the difference(max. target amount),,,FALSE,FALSE,FALSE,,27/09/2024 11:52,T0001adm2,B-en-g,27/09/2024 11:52,T0001adm2,B-en-g
8331001PL,[M]Tax add back expense,0,Time alloc.,COEFF01,Coefficient 01,P0079,Planning expense,,,,,9,1,Adjust the difference(max. target amount),,,FALSE,FALSE,FALSE,,27/09/2024 11:52,T0001adm2,B-en-g,27/09/2024 11:52,T0001adm2,B-en-g
8331001TE,[M]Tax add back expense,0,Time alloc.,COEFF01,Coefficient 01,P0076,Technical expense,,,,,9,1,Adjust the difference(max. target amount),,,FALSE,FALSE,FALSE,,27/09/2024 11:52,T0001adm2,B-en-g,27/09/2024 11:52,T0001adm2,B-en-g
8331001WS,[M]Tax add back expense,0,Time alloc.,COEFF01,Coefficient 01,P0038,WS expense,,,,,9,1,Adjust the difference(max. target amount),,,FALSE,FALSE,FALSE,,27/09/2024 11:52,T0001adm2,B-en-g,27/09/2024 11:52,T0001adm2,B-en-g
8340001,[M]Depreciation,0,Time alloc.,COEFF01,Coefficient 01,P0040,Line Depreciation,,,,,9,1,Adjust the difference(max. target amount),,,FALSE,FALSE,FALSE,,27/09/2024 11:52,T0001adm2,B-en-g,27/09/2024 11:52,T0001adm2,B-en-g
8340001OT,[M]Depreciation,0,Time alloc.,COEFF01,Coefficient 01,P0070,Other Indirect Depre,,,,,9,1,Adjust the difference(max. target amount),,,FALSE,FALSE,FALSE,,27/09/2024 11:52,T0001adm2,B-en-g,27/09/2024 11:52,T0001adm2,B-en-g
8340001PL,[M]Depreciation,0,Time alloc.,COEFF01,Coefficient 01,P0088,Planning Depre.,,,,,9,1,Adjust the difference(max. target amount),,,FALSE,FALSE,FALSE,,27/09/2024 11:52,T0001adm2,B-en-g,27/09/2024 11:52,T0001adm2,B-en-g
8340001TE,[M]Depreciation,0,Time alloc.,COEFF01,Coefficient 01,P0075,Technical Depre.,,,,,9,1,Adjust the difference(max. target amount),,,FALSE,FALSE,FALSE,,27/09/2024 11:52,T0001adm2,B-en-g,27/09/2024 11:52,T0001adm2,B-en-g
8340001WS,[M]Depreciation,0,Time alloc.,COEFF01,Coefficient 01,P0045,WS Depreciation,,,,,9,1,Adjust the difference(max. target amount),,,FALSE,FALSE,FALSE,,27/09/2024 11:52,T0001adm2,B-en-g,27/09/2024 11:52,T0001adm2,B-en-g
8341001,[M]Depreciation - asset retirement oblig,0,Time alloc.,COEFF01,Coefficient 01,P0040,Line Depreciation,,,,,9,1,Adjust the difference(max. target amount),,,FALSE,FALSE,FALSE,,27/09/2024 11:52,T0001adm2,B-en-g,27/09/2024 11:52,T0001adm2,B-en-g
8341001OT,[M]Depreciation - asset retirement oblig,0,Time alloc.,COEFF01,Coefficient 01,P0070,Other Indirect Depre,,,,,9,1,Adjust the difference(max. target amount),,,FALSE,FALSE,FALSE,,27/09/2024 11:52,T0001adm2,B-en-g,27/09/2024 11:52,T0001adm2,B-en-g
8341001PL,[M]Depreciation - asset retirement oblig,0,Time alloc.,COEFF01,Coefficient 01,P0088,Planning Depre.,,,,,9,1,Adjust the difference(max. target amount),,,FALSE,FALSE,FALSE,,27/09/2024 11:52,T0001adm2,B-en-g,27/09/2024 11:52,T0001adm2,B-en-g
8341001TE,[M]Depreciation - asset retirement oblig,0,Time alloc.,COEFF01,Coefficient 01,P0075,Technical Depre.,,,,,9,1,Adjust the difference(max. target amount),,,FALSE,FALSE,FALSE,,27/09/2024 11:52,T0001adm2,B-en-g,27/09/2024 11:52,T0001adm2,B-en-g
8341001WS,[M]Depreciation - asset retirement oblig,0,Time alloc.,COEFF01,Coefficient 01,P0045,WS Depreciation,,,,,9,1,Adjust the difference(max. target amount),,,FALSE,FALSE,FALSE,,27/09/2024 11:52,T0001adm2,B-en-g,27/09/2024 11:52,T0001adm2,B-en-g
8342001,[M]Depreciation - interest cost,0,Time alloc.,COEFF01,Coefficient 01,P0040,Line Depreciation,,,,,9,1,Adjust the difference(max. target amount),,,FALSE,FALSE,FALSE,,27/09/2024 11:52,T0001adm2,B-en-g,27/09/2024 11:52,T0001adm2,B-en-g
8342001OT,[M]Depreciation - interest cost,0,Time alloc.,COEFF01,Coefficient 01,P0070,Other Indirect Depre,,,,,9,1,Adjust the difference(max. target amount),,,FALSE,FALSE,FALSE,,27/09/2024 11:52,T0001adm2,B-en-g,27/09/2024 11:52,T0001adm2,B-en-g
8342001PL,[M]Depreciation - interest cost,0,Time alloc.,COEFF01,Coefficient 01,P0088,Planning Depre.,,,,,9,1,Adjust the difference(max. target amount),,,FALSE,FALSE,FALSE,,27/09/2024 11:52,T0001adm2,B-en-g,27/09/2024 11:52,T0001adm2,B-en-g
8342001TE,[M]Depreciation - interest cost,0,Time alloc.,COEFF01,Coefficient 01,P0075,Technical Depre.,,,,,9,1,Adjust the difference(max. target amount),,,FALSE,FALSE,FALSE,,27/09/2024 11:52,T0001adm2,B-en-g,27/09/2024 11:52,T0001adm2,B-en-g
8342001WS,[M]Depreciation - interest cost,0,Time alloc.,COEFF01,Coefficient 01,P0045,WS Depreciation,,,,,9,1,Adjust the difference(max. target amount),,,FALSE,FALSE,FALSE,,27/09/2024 11:52,T0001adm2,B-en-g,27/09/2024 11:52,T0001adm2,B-en-g
8343001,[M]Depreciation-Buildings(declining-bala,0,Time alloc.,COEFF01,Coefficient 01,P0040,Line Depreciation,,,,,9,1,Adjust the difference(max. target amount),,,FALSE,FALSE,FALSE,,27/09/2024 11:52,T0001adm2,B-en-g,27/09/2024 11:52,T0001adm2,B-en-g
8343001OT,[M]Depreciation-Buildings(declining-bala,0,Time alloc.,COEFF01,Coefficient 01,P0070,Other Indirect Depre,,,,,9,1,Adjust the difference(max. target amount),,,FALSE,FALSE,FALSE,,27/09/2024 11:52,T0001adm2,B-en-g,27/09/2024 11:52,T0001adm2,B-en-g
8343001PL,[M]Depreciation-Buildings(declining-bala,0,Time alloc.,COEFF01,Coefficient 01,P0088,Planning Depre.,,,,,9,1,Adjust the difference(max. target amount),,,FALSE,FALSE,FALSE,,27/09/2024 11:52,T0001adm2,B-en-g,27/09/2024 11:52,T0001adm2,B-en-g
8343001TE,[M]Depreciation-Buildings(declining-bala,0,Time alloc.,COEFF01,Coefficient 01,P0075,Technical Depre.,,,,,9,1,Adjust the difference(max. target amount),,,FALSE,FALSE,FALSE,,27/09/2024 11:52,T0001adm2,B-en-g,27/09/2024 11:52,T0001adm2,B-en-g
8343001WS,[M]Depreciation-Buildings(declining-bala,0,Time alloc.,COEFF01,Coefficient 01,P0045,WS Depreciation,,,,,9,1,Adjust the difference(max. target amount),,,FALSE,FALSE,FALSE,,27/09/2024 11:52,T0001adm2,B-en-g,27/09/2024 11:52,T0001adm2,B-en-g
8344001,[M]Depreciation-Buildings(straight-line),0,Time alloc.,COEFF01,Coefficient 01,P0040,Line Depreciation,,,,,9,1,Adjust the difference(max. target amount),,,FALSE,FALSE,FALSE,,27/09/2024 11:52,T0001adm2,B-en-g,27/09/2024 11:52,T0001adm2,B-en-g
8344001OT,[M]Depreciation-Buildings(straight-line),0,Time alloc.,COEFF01,Coefficient 01,P0070,Other Indirect Depre,,,,,9,1,Adjust the difference(max. target amount),,,FALSE,FALSE,FALSE,,27/09/2024 11:52,T0001adm2,B-en-g,27/09/2024 11:52,T0001adm2,B-en-g
8344001PL,[M]Depreciation-Buildings(straight-line),0,Time alloc.,COEFF01,Coefficient 01,P0088,Planning Depre.,,,,,9,1,Adjust the difference(max. target amount),,,FALSE,FALSE,FALSE,,27/09/2024 11:52,T0001adm2,B-en-g,27/09/2024 11:52,T0001adm2,B-en-g
8344001TE,[M]Depreciation-Buildings(straight-line),0,Time alloc.,COEFF01,Coefficient 01,P0075,Technical Depre.,,,,,9,1,Adjust the difference(max. target amount),,,FALSE,FALSE,FALSE,,27/09/2024 11:52,T0001adm2,B-en-g,27/09/2024 11:52,T0001adm2,B-en-g
